Reference_year,attrition_rate,nesbattrition,disattrition,indigenousattrition
2005,18.86372814,14.67560059,21.05532787,33.14720812
2006,18.52458722,12.62330714,20.11560694,31.35
2007,18.97192863,13.34070098,21.84928191,34.43770415
2008,17.84544262,13.53071799,21.13955409,29.60442365
2009,18.11186936,13.0835896,20.50878948,31.88405797
2010,19.05312847,14.92851135,21.39912706,31.99861926
2011,18.97935407,14.69740634,21.70091324,32.29199872
2012,19.49724151,14.84981438,21.66096727,31.09393579
2013,20.89428199,15.25042808,22.76056835,29.24503311